9.147.112.116,9/14/2016
6.209.9.183,4/10/2016
101.145.66.206,11/19/2015
48.31.219.161,2/2/2016
186.127.253.216,5/11/2016
182.161.212.25,7/25/2016
209.102.35.164,3/16/2016
189.74.219.42,3/2/2016
135.193.11.34,4/8/2016
213.201.240.127,3/26/2016
42.126.145.169,2/19/2016
221.101.23.159,9/8/2016
207.237.70.68,8/19/2016
212.41.163.54,9/27/2015
213.252.202.232,12/7/2015
223.168.185.88,2/3/2016
167.8.27.139,4/21/2016
214.102.84.131,8/5/2016
168.14.52.75,1/6/2016
19.231.106.123,9/9/2016
48.176.169.222,9/13/2016
181.74.2.156,12/5/2015
219.99.19.149,2/25/2016
232.66.229.196,9/13/2016
242.174.211.39,12/16/2015
236.128.246.103,4/8/2016
44.229.223.128,1/26/2016
159.180.102.192,8/6/2016
188.253.119.175,10/5/2015
185.22.112.79,1/20/2016
38.163.210.240,4/1/2016
122.248.13.68,10/7/2015
49.19.249.119,4/29/2016
220.209.118.192,9/2/2016
206.229.146.180,11/3/2015
168.79.21.44,6/19/2016
244.225.60.161,10/29/2015
158.42.187.123,5/21/2016
19.96.87.122,8/1/2016
86.31.186.120,12/7/2015
219.250.48.236,11/28/2015
22.63.141.126,4/3/2016
148.80.170.43,1/18/2016
174.220.120.250,12/13/2015
86.185.28.51,4/3/2016
239.212.73.250,6/18/2016
64.234.195.234,11/21/2015
54.209.204.2,7/8/2016
49.75.2.199,8/14/2016
13.73.228.225,1/11/2016
48.174.52.167,5/22/2016
143.66.30.10,3/1/2016
172.70.59.12,5/20/2016
206.47.108.196,1/24/2016
229.75.115.127,3/24/2016
117.116.142.56,1/18/2016
79.87.146.21,3/10/2016
194.170.211.205,4/1/2016
93.199.134.176,4/28/2016
136.144.126.27,2/11/2016
254.191.249.187,2/19/2016
190.178.172.182,3/2/2016
225.169.158.206,5/27/2016
114.40.98.186,10/19/2015
252.54.40.194,5/5/2016
147.208.29.198,9/4/2016
124.135.185.232,9/5/2016
134.158.163.98,11/21/2015
6.83.95.25,10/27/2015
177.59.18.51,10/29/2015
251.73.68.91,6/14/2016
21.79.46.56,10/31/2015
89.109.233.80,6/20/2016
150.111.122.86,3/10/2016
92.3.43.103,8/1/2016
27.139.145.56,1/20/2016
94.72.120.209,3/21/2016
203.197.180.142,12/19/2015
62.248.253.51,9/22/2015
16.225.39.135,3/16/2016
238.98.218.226,1/16/2016
175.248.98.157,11/15/2015
99.139.116.62,6/5/2016
154.90.215.78,10/24/2015
216.243.192.188,3/3/2016
72.173.95.63,7/15/2016
248.201.9.111,1/28/2016
104.255.223.252,2/15/2016
18.104.64.162,3/30/2016
208.205.203.203,5/4/2016
223.69.132.67,9/15/2016
60.226.68.141,6/11/2016
171.220.147.203,5/6/2016
38.146.140.170,1/20/2016
133.128.34.186,9/15/2016
29.219.185.25,3/19/2016
30.28.59.249,8/10/2016
109.26.253.119,2/17/2016
96.110.225.3,1/15/2016
168.41.90.235,10/9/2015
102.219.193.225,4/20/2016
236.67.109.160,9/21/2015
215.163.145.198,6/11/2016
255.108.242.247,12/6/2015
158.135.15.172,1/28/2016
219.231.193.144,12/26/2015
139.69.67.201,12/31/2015
191.199.134.254,5/27/2016
137.179.176.219,8/10/2016
209.164.1.206,11/12/2015
26.168.143.193,8/13/2016
79.52.220.41,3/21/2016
195.109.52.177,7/29/2016
93.141.94.96,11/21/2015
58.230.63.65,12/15/2015
233.44.155.80,7/14/2016
35.113.156.153,8/29/2016
209.1.49.156,6/4/2016
59.21.47.3,1/9/2016
168.29.124.197,7/21/2016
189.112.124.68,1/29/2016
73.23.91.11,7/26/2016
174.217.59.32,2/7/2016
22.103.242.120,9/12/2016
167.32.194.166,2/10/2016
13.231.82.27,12/18/2015
139.99.122.41,1/3/2016
172.186.70.236,7/6/2016
243.80.223.186,3/18/2016
65.246.146.212,2/1/2016
170.177.236.212,6/22/2016
184.214.159.77,3/3/2016
146.23.234.194,1/5/2016
158.69.14.51,10/29/2015
167.17.172.133,4/18/2016
248.84.77.199,1/12/2016
214.194.8.112,2/1/2016
250.235.111.138,4/3/2016
74.234.47.104,3/14/2016
250.62.50.68,3/2/2016
91.161.27.48,4/10/2016
11.56.21.228,3/31/2016
200.113.84.226,4/8/2016
66.183.93.225,3/9/2016
46.123.143.240,10/31/2015
166.133.106.145,5/22/2016
255.110.110.172,1/23/2016
144.218.240.136,11/24/2015
43.216.103.44,9/4/2016
94.126.255.150,5/28/2016
143.193.126.74,4/13/2016
70.177.151.159,10/25/2015
127.61.131.71,2/1/2016
187.81.18.23,2/12/2016
146.178.133.154,3/21/2016
71.195.30.19,7/20/2016
231.163.176.113,4/13/2016
158.181.222.23,5/14/2016
13.26.156.103,7/14/2016
138.213.76.174,12/7/2015
176.94.3.40,5/26/2016
187.37.201.206,4/6/2016
236.181.50.201,8/10/2016
43.174.150.38,11/30/2015
118.98.89.65,4/26/2016
10.175.172.103,3/10/2016
168.130.179.106,8/7/2016
229.163.212.73,9/3/2016
72.247.54.140,8/6/2016
52.172.133.92,7/23/2016
105.1.104.218,1/6/2016
28.173.11.163,8/31/2016
221.90.53.8,8/26/2016
32.154.21.110,9/9/2016
129.9.90.195,12/12/2015
249.216.71.167,2/3/2016
199.95.53.74,12/4/2015
123.126.0.232,2/19/2016
224.67.178.156,9/17/2015
235.5.132.77,2/3/2016
120.167.59.38,3/5/2016
134.35.145.16,1/16/2016
253.84.37.53,1/18/2016
31.229.34.72,10/4/2015
40.212.77.32,4/17/2016
23.93.119.108,4/25/2016
173.95.151.3,11/30/2015
153.33.15.137,12/26/2015
162.85.92.233,10/4/2015
144.25.195.241,10/19/2015
60.32.251.240,3/15/2016
221.113.210.60,9/27/2015
152.43.182.204,9/2/2016
55.85.228.65,10/21/2015
139.71.125.73,11/8/2015
222.2.237.1,12/10/2015
32.84.69.250,8/2/2016
78.19.49.243,6/16/2016
76.29.218.32,4/7/2016
43.149.182.172,6/12/2016
206.59.117.14,6/19/2016
128.90.177.103,1/29/2016
83.82.122.95,8/20/2016
72.143.232.64,7/18/2016
222.43.248.246,3/1/2016
90.246.56.142,6/3/2016
76.245.37.149,9/4/2016
91.14.11.135,1/17/2016
40.73.9.22,12/24/2015
60.48.54.242,4/20/2016
231.36.90.238,3/5/2016
210.160.31.221,10/4/2015
217.208.34.6,10/2/2015
104.63.124.122,5/18/2016
136.162.2.10,11/11/2015
251.156.162.105,5/28/2016
253.160.63.226,10/4/2015
73.185.233.227,5/28/2016
149.150.177.35,10/20/2015
99.193.157.35,9/15/2016
136.163.44.166,10/15/2015
130.22.192.67,1/2/2016
146.202.10.206,12/17/2015
2.148.6.63,6/21/2016
170.206.227.104,10/8/2015
59.46.59.15,10/20/2015
129.183.118.126,1/29/2016
152.191.183.111,1/21/2016
168.140.64.85,4/2/2016
240.126.232.127,10/3/2015
225.136.39.217,2/8/2016
172.230.224.50,10/8/2015
202.90.85.170,11/9/2015
56.34.194.145,1/19/2016
153.115.127.75,1/10/2016
136.13.230.128,6/27/2016
232.108.199.87,1/13/2016
14.30.23.26,3/4/2016
159.54.159.115,9/12/2016
227.130.78.59,9/14/2016
86.181.119.228,7/17/2016
83.161.4.10,11/18/2015
131.215.93.104,5/29/2016
51.219.2.14,7/22/2016
111.221.227.171,4/1/2016
252.212.244.77,10/20/2015
57.70.255.163,9/23/2015
24.103.201.41,7/9/2016
220.189.145.52,5/1/2016
101.11.197.19,2/12/2016
235.56.136.90,4/10/2016
91.114.194.2,7/16/2016
127.237.220.81,8/15/2016
0.2.245.237,7/25/2016
201.20.101.213,5/6/2016
166.24.26.74,8/28/2016
39.141.96.210,3/18/2016
52.0.218.196,10/31/2015
67.170.11.96,2/9/2016
158.137.145.183,1/18/2016
125.114.186.37,7/14/2016
118.28.42.2,11/30/2015
112.173.37.161,6/9/2016
10.236.175.130,8/13/2016
16.241.71.157,12/16/2015
152.217.131.170,5/29/2016
27.184.80.64,5/13/2016
252.128.152.249,9/15/2016
129.175.141.158,9/2/2016
19.250.206.24,10/19/2015
205.28.100.174,4/27/2016
6.70.128.46,3/1/2016
241.244.171.227,10/21/2015
129.26.138.245,7/17/2016
153.10.121.170,12/29/2015
92.34.100.249,5/15/2016
117.115.4.39,2/20/2016
230.151.38.47,6/22/2016
196.104.35.60,9/2/2016
121.150.137.202,3/27/2016
224.66.213.144,8/16/2016
228.218.79.168,2/8/2016
233.72.154.103,2/5/2016
239.46.150.69,11/23/2015
96.142.175.148,4/7/2016
126.90.18.197,10/9/2015
136.193.202.123,10/4/2015
19.26.211.40,12/2/2015
54.104.107.105,7/15/2016
227.207.166.72,1/13/2016
11.0.44.51,12/16/2015
165.196.17.66,5/7/2016
112.51.240.121,8/21/2016
164.55.39.92,7/13/2016
204.164.205.64,8/6/2016
23.128.119.222,4/30/2016
185.193.119.154,1/21/2016
182.91.118.88,5/24/2016
30.194.251.193,8/19/2016
216.103.154.193,9/7/2016
169.134.131.93,1/17/2016
216.180.37.87,2/21/2016
92.98.41.128,4/21/2016
35.170.16.50,10/31/2015
217.74.1.81,3/21/2016
149.147.183.84,3/17/2016
100.69.39.55,12/28/2015
145.171.81.220,6/16/2016
209.68.102.10,10/23/2015
14.13.149.168,3/6/2016
6.232.93.165,2/22/2016
27.83.57.245,11/11/2015
236.52.131.126,12/25/2015
54.35.48.11,4/21/2016
148.141.32.80,6/2/2016
175.75.209.19,7/19/2016
114.39.167.52,7/20/2016
197.209.50.32,5/21/2016
147.113.170.53,12/26/2015
219.118.43.45,4/6/2016
223.25.144.154,12/10/2015
116.23.152.150,1/5/2016
191.155.192.103,11/20/2015
173.72.161.26,1/18/2016
242.131.43.73,6/2/2016
11.51.188.168,11/12/2015
163.214.225.52,5/16/2016
179.33.159.38,2/14/2016
146.15.91.156,9/17/2015
93.211.117.31,6/21/2016
82.30.129.60,4/12/2016
14.48.110.224,2/24/2016
212.209.238.84,10/9/2015
181.133.85.124,1/11/2016
40.73.24.192,10/30/2015
38.116.78.75,3/15/2016
244.187.43.31,8/24/2016
21.92.46.112,9/12/2016
22.33.142.158,9/24/2015
162.38.229.242,1/20/2016
7.232.199.128,3/20/2016
14.154.155.140,3/8/2016
71.77.133.172,10/29/2015
60.159.66.247,10/4/2015
241.166.224.45,1/26/2016
54.149.237.1,5/22/2016
81.159.240.132,8/19/2016
135.11.199.219,3/26/2016
120.150.111.224,7/2/2016
14.188.7.162,3/30/2016
19.81.91.219,7/3/2016
226.121.232.82,12/16/2015
117.6.222.139,2/28/2016
175.221.171.116,12/20/2015
39.198.240.77,12/30/2015
127.53.111.18,12/1/2015
119.195.57.141,1/14/2016
6.37.141.247,1/15/2016
138.3.197.205,2/25/2016
195.77.222.209,9/28/2015
214.236.17.88,9/30/2015
74.229.119.53,10/18/2015
43.120.241.19,5/18/2016
191.36.146.121,6/23/2016
123.27.103.227,3/17/2016
16.190.103.250,9/29/2015
77.78.185.70,1/1/2016
232.198.189.215,12/27/2015
37.28.139.93,4/26/2016
200.222.8.114,1/19/2016
244.201.195.180,10/7/2015
80.248.74.120,5/20/2016
197.157.103.95,3/25/2016
53.175.234.94,12/2/2015
102.125.164.152,2/26/2016
163.129.147.111,8/23/2016
70.216.178.167,7/8/2016
27.38.156.23,11/5/2015
227.254.202.27,3/29/2016
104.12.118.241,8/1/2016
0.163.41.153,10/13/2015
152.156.48.208,6/23/2016
96.13.224.69,5/25/2016
44.77.11.133,10/15/2015
48.184.17.153,1/9/2016
149.160.179.4,5/23/2016
250.124.167.193,12/8/2015
182.99.103.191,3/9/2016
115.64.115.233,7/5/2016
158.166.128.147,3/31/2016
63.20.106.130,8/5/2016
252.230.254.245,8/13/2016
231.221.179.244,5/30/2016
143.90.41.118,4/23/2016
22.46.177.59,3/22/2016
189.113.130.43,2/19/2016
238.64.224.101,1/30/2016
99.196.25.233,12/13/2015
160.222.196.213,2/14/2016
56.70.168.38,6/12/2016
171.96.255.57,10/10/2015
237.119.113.20,10/2/2015
111.96.185.7,3/26/2016
84.11.34.224,9/26/2015
47.179.177.63,4/10/2016
64.122.5.127,3/20/2016
198.70.234.194,5/15/2016
112.19.57.231,8/6/2016
10.24.89.128,10/21/2015
110.56.148.72,10/4/2015
123.176.231.128,7/28/2016
120.102.45.105,1/4/2016
100.103.6.63,12/6/2015
229.92.125.171,10/27/2015
113.142.66.119,2/1/2016
244.22.97.36,1/31/2016
109.221.245.244,6/1/2016
47.167.217.73,4/2/2016
225.52.112.99,12/31/2015
13.207.189.144,9/26/2015
212.124.232.60,2/23/2016
12.215.233.140,4/2/2016
98.97.59.19,5/26/2016
254.94.188.20,1/31/2016
37.73.32.168,8/29/2016
177.173.121.31,10/27/2015
65.254.78.225,11/14/2015
237.248.137.89,6/8/2016
34.76.38.135,6/27/2016
253.45.207.8,8/4/2016
243.26.102.43,6/27/2016
232.58.86.70,9/4/2016
21.22.235.203,11/28/2015
131.31.77.60,11/2/2015
20.107.14.135,10/11/2015
208.241.130.137,5/23/2016
67.173.184.0,4/5/2016
214.58.9.167,3/19/2016
138.240.155.157,7/1/2016
200.252.66.89,7/23/2016
180.16.139.23,10/11/2015
203.35.51.198,5/16/2016
117.209.131.202,7/31/2016
18.159.115.221,2/26/2016
77.24.177.234,3/1/2016
105.227.95.21,9/24/2015
178.173.28.44,8/28/2016
10.111.6.221,2/27/2016
201.164.187.122,11/26/2015
164.95.37.188,1/20/2016
50.178.99.117,8/5/2016
193.139.191.92,11/19/2015
165.152.230.104,9/1/2016
240.15.185.62,1/6/2016
111.8.133.39,7/17/2016
39.37.237.238,7/28/2016
24.39.80.235,2/1/2016
21.37.67.245,7/22/2016
50.119.254.1,7/8/2016
231.232.195.253,1/31/2016
175.91.75.203,5/6/2016
255.22.64.31,11/5/2015
47.106.143.26,1/9/2016
39.180.116.156,11/4/2015
149.5.86.146,7/7/2016
97.39.139.243,11/29/2015
33.15.202.88,7/7/2016
70.17.84.150,12/5/2015
121.137.57.149,9/5/2016
228.234.41.192,4/13/2016
165.104.45.213,11/12/2015
69.31.166.2,12/30/2015
67.243.165.4,2/2/2016
217.144.227.182,7/27/2016
78.160.225.35,8/21/2016
10.249.2.106,6/9/2016
134.134.187.99,3/28/2016
88.206.34.226,9/28/2015
139.68.151.99,8/5/2016
59.25.169.52,10/14/2015
17.84.75.88,9/14/2016
88.129.253.252,3/13/2016
50.247.115.171,10/16/2015
167.212.167.234,4/10/2016
205.179.62.155,6/22/2016
208.230.201.124,2/26/2016
47.157.200.34,12/26/2015
159.38.118.61,1/20/2016
32.211.235.57,8/3/2016
1.172.30.238,6/25/2016
42.250.141.52,2/13/2016
255.23.186.7,10/6/2015
82.18.147.59,7/1/2016
134.30.13.187,1/16/2016
239.138.98.214,9/2/2016
223.50.191.37,8/14/2016
104.120.59.9,3/7/2016
217.58.3.94,12/30/2015
110.3.13.11,6/14/2016
8.195.40.89,6/26/2016
105.228.145.90,10/8/2015
51.55.14.252,1/7/2016
153.83.135.253,9/15/2016
70.224.57.167,9/1/2016
203.73.160.80,9/18/2015
41.248.33.127,8/15/2016
146.34.73.240,12/14/2015
24.41.152.199,3/13/2016
106.71.204.5,11/4/2015
179.79.27.216,8/26/2016
70.56.153.250,11/18/2015
69.53.80.61,11/28/2015
222.150.86.26,7/22/2016
24.48.242.30,5/16/2016
50.182.237.77,6/4/2016
142.235.46.74,2/1/2016
42.219.190.34,9/26/2015
37.157.13.9,6/15/2016
71.249.186.122,7/23/2016
172.47.52.18,2/20/2016
42.230.27.191,3/20/2016
227.122.113.105,2/15/2016
117.250.41.209,2/2/2016
231.7.154.40,7/21/2016
47.179.168.105,6/9/2016
39.138.118.232,11/13/2015
178.118.83.253,8/6/2016
36.76.51.53,1/2/2016
14.198.57.83,5/9/2016
236.99.192.190,1/3/2016
135.25.193.114,8/30/2016
182.30.172.181,3/24/2016
76.251.129.4,11/15/2015
79.72.67.79,3/3/2016
205.220.149.255,9/10/2016
51.37.176.97,7/25/2016
9.154.32.206,4/19/2016
174.132.36.22,11/23/2015
187.111.117.106,10/3/2015
105.2.157.14,6/19/2016
145.21.202.209,10/26/2015
108.137.162.43,8/2/2016
91.74.6.241,7/20/2016
28.22.29.161,5/20/2016
51.153.21.146,11/14/2015
198.48.121.124,1/2/2016
121.166.229.140,2/2/2016
242.188.95.130,12/13/2015
170.105.107.134,11/5/2015
181.192.253.251,6/21/2016
194.121.145.80,3/9/2016
145.199.96.159,3/21/2016
220.177.128.158,10/18/2015
127.132.188.177,7/28/2016
221.60.99.196,5/2/2016
30.207.142.155,5/19/2016
166.211.193.201,3/25/2016
239.142.15.44,3/17/2016
210.197.141.88,8/28/2016
96.100.73.210,12/3/2015
106.201.217.178,4/19/2016
39.157.11.123,5/18/2016
1.209.106.148,3/8/2016
252.136.85.178,3/7/2016
26.61.215.69,12/10/2015
134.98.138.78,2/5/2016
19.108.28.249,12/6/2015
61.86.238.121,3/9/2016
236.143.198.169,7/3/2016
65.157.167.60,2/10/2016
4.53.50.114,8/8/2016
180.15.195.213,2/14/2016
219.41.156.210,7/11/2016
94.36.170.104,4/19/2016
201.59.248.117,10/28/2015
4.46.219.171,3/15/2016
66.29.78.144,2/4/2016
13.227.49.169,4/26/2016
219.170.159.60,11/29/2015
54.136.104.113,4/26/2016
134.91.212.77,8/10/2016
10.43.145.242,11/8/2015
171.154.120.218,7/3/2016
202.194.245.223,5/9/2016
145.90.107.128,4/2/2016
33.186.242.199,6/30/2016
212.157.180.61,3/2/2016
77.180.162.222,5/30/2016
200.225.231.65,1/5/2016
209.132.40.78,3/26/2016
59.161.185.178,6/27/2016
17.5.141.234,8/14/2016
61.39.155.128,5/30/2016
173.104.104.170,4/7/2016
102.153.242.248,10/6/2015
243.161.94.163,11/17/2015
67.196.111.163,8/13/2016
248.84.228.196,10/25/2015
5.243.98.81,8/19/2016
213.240.32.106,1/26/2016
214.172.186.236,1/14/2016
30.10.210.174,3/14/2016
199.224.94.184,11/6/2015
101.58.134.249,12/25/2015
208.192.24.238,8/21/2016
67.34.118.36,2/14/2016
61.114.2.208,1/5/2016
253.56.136.219,6/23/2016
112.94.210.159,5/15/2016
213.48.115.123,1/8/2016
61.140.121.238,2/2/2016
239.151.64.81,5/13/2016
131.50.204.174,10/25/2015
110.93.250.255,12/30/2015
197.237.129.96,1/8/2016
29.148.76.157,1/23/2016
200.70.84.33,7/25/2016
71.164.164.20,10/20/2015
108.120.32.170,1/7/2016
142.156.66.219,7/21/2016
27.43.135.215,6/5/2016
205.247.215.118,3/2/2016
135.143.141.68,5/28/2016
226.228.82.250,12/4/2015
186.195.59.125,8/14/2016
185.129.93.164,7/12/2016
175.94.193.43,12/8/2015
244.81.4.225,12/26/2015
95.30.9.36,12/31/2015
53.248.209.188,5/5/2016
3.143.135.93,10/22/2015
116.33.187.133,4/2/2016
126.171.202.248,3/28/2016
252.41.29.146,9/19/2015
217.248.230.167,9/29/2015
207.240.113.116,7/17/2016
254.37.176.8,6/30/2016
241.113.178.58,3/2/2016
60.199.107.213,3/8/2016
238.247.208.140,1/28/2016
226.16.142.86,3/7/2016
134.34.91.37,9/2/2016
110.43.139.93,11/25/2015
203.147.66.208,8/2/2016
153.153.166.220,9/27/2015
216.114.243.17,5/8/2016
60.176.36.175,8/8/2016
154.21.84.65,1/2/2016
62.131.48.198,4/1/2016
199.193.115.222,4/15/2016
58.115.21.244,7/11/2016
235.151.247.133,3/9/2016
53.48.58.163,7/9/2016
94.104.204.43,11/1/2015
201.195.206.191,3/26/2016
127.10.247.169,11/11/2015
119.232.103.199,7/17/2016
127.144.82.125,11/24/2015
97.234.148.98,10/15/2015
211.4.51.243,5/20/2016
84.131.247.145,8/11/2016
243.101.124.234,4/26/2016
171.5.86.105,3/25/2016
68.111.150.86,6/30/2016
63.96.170.86,12/30/2015
125.203.22.160,11/28/2015
69.211.166.160,1/29/2016
98.207.219.68,3/27/2016
147.55.22.103,12/8/2015
232.132.87.238,12/6/2015
192.91.244.171,10/16/2015
234.103.249.24,1/29/2016
225.111.61.158,2/14/2016
200.121.166.61,4/29/2016
205.201.52.115,4/14/2016
60.62.230.51,8/22/2016
135.220.217.254,11/7/2015
93.231.53.2,12/12/2015
7.58.29.94,5/1/2016
39.91.186.117,6/23/2016
109.148.97.66,1/12/2016
6.103.229.182,11/20/2015
156.73.128.219,3/8/2016
75.7.185.155,2/21/2016
147.217.214.39,4/21/2016
211.125.75.180,7/26/2016
149.185.237.43,12/13/2015
78.26.115.97,10/10/2015
153.251.150.135,8/31/2016
16.229.56.112,12/16/2015
27.99.254.202,11/7/2015
66.235.133.103,10/6/2015
68.83.3.133,8/3/2016
145.117.236.94,7/16/2016
246.208.88.123,1/21/2016
35.56.86.213,6/18/2016
247.31.109.206,6/24/2016
219.214.231.118,9/13/2016
75.120.28.99,12/31/2015
85.149.71.61,1/9/2016
180.80.24.197,6/25/2016
47.253.59.54,8/7/2016
228.192.121.139,8/29/2016
236.198.56.236,8/10/2016
244.191.220.5,6/22/2016
181.173.235.104,5/21/2016
105.7.194.194,5/17/2016
28.129.48.217,4/25/2016
140.244.183.127,3/18/2016
34.42.75.241,2/21/2016
27.180.65.220,6/25/2016
45.71.255.166,7/25/2016
136.175.151.244,5/26/2016
27.209.28.43,8/27/2016
206.73.28.61,8/3/2016
162.205.100.199,10/29/2015
201.47.75.38,9/26/2015
115.12.212.136,10/1/2015
0.25.105.62,4/3/2016
244.227.112.32,6/24/2016
78.78.6.81,8/30/2016
235.128.99.18,2/23/2016
184.218.235.219,6/30/2016
98.30.227.51,7/11/2016
205.109.3.47,11/12/2015
212.252.251.67,1/26/2016
107.161.98.133,12/9/2015
86.4.95.197,11/18/2015
203.113.130.99,8/2/2016
250.148.124.248,11/30/2015
5.94.161.187,10/14/2015
4.110.56.76,7/27/2016
191.229.139.68,7/12/2016
106.133.163.119,11/6/2015
81.115.162.239,11/2/2015
141.154.201.233,8/12/2016
177.16.205.44,2/13/2016
183.143.243.67,10/14/2015
205.153.80.93,7/15/2016
4.214.233.186,4/4/2016
59.62.207.62,6/30/2016
184.96.41.26,9/14/2016
119.173.194.235,9/20/2015
84.64.98.194,1/16/2016
120.121.253.129,8/12/2016
91.208.241.187,11/17/2015
114.99.185.45,10/10/2015
191.47.13.85,11/3/2015
110.9.78.18,4/22/2016
60.248.242.89,7/29/2016
14.150.174.126,4/4/2016
160.188.190.180,12/1/2015
213.231.193.65,7/22/2016
111.83.61.230,10/17/2015
223.112.191.217,5/30/2016
126.78.36.31,7/24/2016
252.129.195.88,6/19/2016
246.42.15.91,6/23/2016
23.224.118.251,3/24/2016
127.245.146.32,5/13/2016
41.85.15.238,7/14/2016
47.167.251.99,8/15/2016
251.210.239.240,3/16/2016
39.88.112.163,6/22/2016
35.174.185.236,10/10/2015
5.143.120.122,10/10/2015
25.185.120.254,7/26/2016
46.209.85.205,10/17/2015
129.159.246.140,12/31/2015
191.238.67.185,1/17/2016
184.222.227.47,9/30/2015
171.111.142.107,6/20/2016
108.143.224.177,6/10/2016
255.50.69.129,12/1/2015
121.167.114.218,10/17/2015
117.199.37.94,8/30/2016
241.149.30.79,5/13/2016
7.208.195.6,1/3/2016
169.219.228.39,8/26/2016
47.134.125.124,1/1/2016
202.166.125.226,11/1/2015
121.216.168.216,12/2/2015
234.165.200.77,7/22/2016
63.32.182.121,9/21/2015
118.81.139.222,7/24/2016
2.62.20.66,2/9/2016
248.101.195.19,2/2/2016
66.52.78.55,2/3/2016
226.117.206.230,2/3/2016
105.168.226.186,4/26/2016
123.229.178.203,9/3/2016
121.250.45.110,4/3/2016
20.84.239.244,10/17/2015
236.13.4.103,2/4/2016
42.228.142.53,3/31/2016
55.195.193.130,11/13/2015
207.21.207.11,8/28/2016
97.106.169.102,4/23/2016
173.116.87.203,11/12/2015
183.164.59.7,11/15/2015
21.49.253.206,3/8/2016
225.54.79.194,11/20/2015
148.184.29.21,8/2/2016
67.209.44.250,10/27/2015
140.76.58.113,4/28/2016
235.102.18.203,2/9/2016
224.136.130.191,4/5/2016
86.227.172.112,4/18/2016
10.167.115.163,3/9/2016
8.96.179.80,5/23/2016
191.21.118.242,8/9/2016
208.246.207.166,5/4/2016
142.130.232.44,9/23/2015
50.100.192.81,4/12/2016
179.72.211.183,5/10/2016
55.9.145.247,4/3/2016
101.193.161.250,8/25/2016
173.75.46.104,11/18/2015
14.221.27.255,4/22/2016
215.12.94.203,4/23/2016
120.173.198.231,1/27/2016
173.196.13.203,4/12/2016
71.250.116.138,6/3/2016
130.168.232.164,11/15/2015
61.166.143.202,10/10/2015
47.219.159.169,12/24/2015
110.170.235.140,4/22/2016
220.132.65.155,1/23/2016
178.78.206.222,3/27/2016
179.123.111.124,9/23/2015
6.3.189.240,9/19/2015
215.27.180.145,11/30/2015
118.98.17.27,2/14/2016
101.120.74.50,8/30/2016
230.179.47.10,6/30/2016
58.153.24.204,9/17/2015
31.53.57.173,9/21/2015
99.140.35.123,3/29/2016
127.6.206.83,2/14/2016
229.217.202.97,4/7/2016
62.205.219.45,10/13/2015
106.188.136.65,4/18/2016
19.42.138.88,7/26/2016
198.219.230.136,10/14/2015
5.233.226.116,1/17/2016
90.209.10.225,11/12/2015
248.157.48.204,11/18/2015
25.79.177.234,10/27/2015
157.138.214.181,2/27/2016
92.141.198.209,1/8/2016
116.58.41.229,1/1/2016
181.128.220.86,11/14/2015
11.79.184.29,3/22/2016
49.192.114.23,2/7/2016
134.74.205.183,7/9/2016
22.234.132.53,11/2/2015
131.54.194.42,5/19/2016
152.133.169.17,1/29/2016
197.234.159.112,7/20/2016
3.80.73.115,3/4/2016
27.214.240.53,11/22/2015
134.246.8.210,4/16/2016
84.105.46.237,10/22/2015
252.36.191.248,9/2/2016
210.63.99.186,9/22/2015
114.45.204.183,8/13/2016
73.36.56.141,9/10/2016
255.143.119.47,10/7/2015
44.13.111.226,9/26/2015
32.225.200.118,8/31/2016
29.70.178.27,7/31/2016
182.32.197.193,8/10/2016
149.222.251.77,2/22/2016
86.4.126.139,12/10/2015
158.42.52.62,11/4/2015
113.164.79.235,12/13/2015
242.198.185.158,5/15/2016
225.223.197.66,7/30/2016
242.88.43.16,5/15/2016
107.195.27.173,2/26/2016
145.229.111.235,5/11/2016
91.157.106.161,8/31/2016
230.118.157.48,12/13/2015
34.22.145.23,10/18/2015
128.22.230.212,1/1/2016
87.176.119.41,2/11/2016
190.40.89.69,11/6/2015
130.226.164.178,2/18/2016
119.107.12.145,9/11/2016
148.13.251.122,2/26/2016
232.84.141.53,10/26/2015
31.97.9.148,1/29/2016
238.242.12.22,6/1/2016
224.159.75.169,1/25/2016
218.177.222.49,11/14/2015
246.202.72.153,2/29/2016
226.19.115.99,8/18/2016
245.173.97.88,12/20/2015
235.186.229.10,1/28/2016
20.98.164.73,9/22/2015
100.39.121.239,10/24/2015
191.12.1.144,7/9/2016
111.142.86.209,10/7/2015
178.72.126.236,2/1/2016
242.77.99.62,8/16/2016
95.108.33.116,10/11/2015
51.228.142.91,12/5/2015
129.142.167.92,3/29/2016
24.167.96.71,1/3/2016
61.244.133.77,1/9/2016
25.57.48.235,3/18/2016
72.193.39.255,10/27/2015
224.74.28.242,10/24/2015
117.247.21.246,11/21/2015
38.127.159.58,6/16/2016
215.93.116.72,1/1/2016
49.228.141.70,6/3/2016
124.144.222.52,11/15/2015
100.175.85.88,2/27/2016
132.7.35.90,7/4/2016
132.178.31.26,1/14/2016
220.86.166.153,1/10/2016
23.31.224.124,4/15/2016
95.117.60.116,12/16/2015
71.9.111.74,3/4/2016
92.138.35.42,11/24/2015
134.121.242.242,7/29/2016
112.186.248.208,3/9/2016
253.73.162.252,1/20/2016
175.180.0.110,1/4/2016
113.209.3.249,7/24/2016
18.183.37.136,2/2/2016
146.119.199.69,7/14/2016
186.53.152.158,8/18/2016
176.5.4.153,10/9/2015
62.219.225.106,10/1/2015
75.45.161.211,7/28/2016
90.183.68.8,1/16/2016
174.114.1.234,10/19/2015
243.29.172.228,1/24/2016
21.251.218.161,8/9/2016
0.158.227.46,5/23/2016
66.252.1.212,10/11/2015
101.208.123.183,5/7/2016
26.217.12.147,8/17/2016
211.32.116.218,9/11/2016
186.187.199.98,11/1/2015
211.134.195.24,5/24/2016
151.73.238.19,12/23/2015
164.97.162.98,10/12/2015
134.131.35.172,5/12/2016
246.150.239.241,2/24/2016
124.124.108.64,11/21/2015
142.121.170.43,5/16/2016
100.228.12.63,2/25/2016
48.188.93.153,12/23/2015
132.5.17.207,9/10/2016
165.242.197.8,9/5/2016
50.111.170.19,10/27/2015
45.165.78.93,11/16/2015
153.112.113.172,7/1/2016
44.229.4.157,8/16/2016
76.201.152.132,8/6/2016
47.10.85.36,10/5/2015
124.57.18.51,8/19/2016
92.188.39.157,10/28/2015
23.238.193.143,8/25/2016
2.95.240.142,11/6/2015
156.79.235.40,9/13/2016
122.170.51.168,2/26/2016
165.230.0.241,6/28/2016
176.141.168.88,5/14/2016
201.245.121.44,11/20/2015
42.236.80.130,11/10/2015
226.70.187.223,10/12/2015
171.0.186.61,3/13/2016
76.48.218.21,8/22/2016
70.232.79.115,11/24/2015
52.168.74.18,11/28/2015
142.35.113.140,2/9/2016
187.231.143.87,2/7/2016
218.212.50.204,6/30/2016
126.184.21.46,8/22/2016
61.170.223.99,1/26/2016
80.78.28.57,6/1/2016
85.131.188.108,2/10/2016
142.251.21.229,4/26/2016
94.141.3.80,2/15/2016
195.82.22.149,4/19/2016
252.126.68.130,10/7/2015
68.33.70.67,12/22/2015
126.107.166.39,12/30/2015
139.123.252.205,9/17/2015
79.77.129.219,6/8/2016
207.120.101.85,7/28/2016
23.102.90.122,1/21/2016
23.247.159.177,7/17/2016
19.22.170.54,3/17/2016
26.17.85.221,2/1/2016
239.122.148.33,6/2/2016
